EDUCATION PROCUREMENT SERVICES,EPS PORTFOLIO MANAGER,1,"€86,389"
EDUCATION PROCUREMENT SERVICES,EPS PORTFOLIO MANAGER,2,"€90,698"
EDUCATION PROCUREMENT SERVICES,EPS PORTFOLIO MANAGER,3,"€95,005"
EDUCATION PROCUREMENT SERVICES,EPS PORTFOLIO MANAGER,4,"€99,296"
EDUCATION PROCUREMENT SERVICES,EPS PORTFOLIO MANAGER,5,"€103,583"
EDUCATION PROCUREMENT SERVICES,EPS PORTFOLIO MANAGER,6,"€107,874"
EDUCATION PROCUREMENT SERVICES,EPS CATEGORY MANAGER,1,"€67,131"
EDUCATION PROCUREMENT SERVICES,EPS CATEGORY MANAGER,2,"€69,712"
EDUCATION PROCUREMENT SERVICES,EPS CATEGORY MANAGER,3,"€72,480"
EDUCATION PROCUREMENT SERVICES,EPS CATEGORY MANAGER,4,"€75,725"
EDUCATION PROCUREMENT SERVICES,EPS CATEGORY MANAGER,5,"€79,087"
EDUCATION PROCUREMENT SERVICES,EPS CATEGORY MANAGER,6,"€82,103"
EDUCATION PROCUREMENT SERVICES,EPS CATEGORY MANAGER,7,"€86,389"
EDUCATION PROCUREMENT SERVICES,EPS CATEGORY MANAGER,8,"€90,698"
EDUCATION PROCUREMENT SERVICES,EPS CATEGORY SPECIALIST HIGHER,1,"€58,656"
EDUCATION PROCUREMENT SERVICES,EPS CATEGORY SPECIALIST HIGHER,2,"€60,174"
EDUCATION PROCUREMENT SERVICES,EPS CATEGORY SPECIALIST HIGHER,3,"€61,704"
EDUCATION PROCUREMENT SERVICES,EPS CATEGORY SPECIALIST HIGHER,4,"€63,240"
EDUCATION PROCUREMENT SERVICES,EPS CATEGORY SPECIALIST HIGHER,5,"€64,775"
EDUCATION PROCUREMENT SERVICES,EPS CATEGORY SPECIALIST HIGHER,6,"€66,318"
EDUCATION PROCUREMENT SERVICES,EPS CATEGORY SPECIALIST HIGHER,7,"€68,510"
EDUCATION PROCUREMENT SERVICES,EPS CATEGORY SPECIALIST HIGHER,8,"€72,779"
EDUCATION PROCUREMENT SERVICES,EPS CATEGORY SPECIALIST,1,"€44,752"
EDUCATION PROCUREMENT SERVICES,EPS CATEGORY SPECIALIST,2,"€47,047"
EDUCATION PROCUREMENT SERVICES,EPS CATEGORY SPECIALIST,3,"€49,360"
EDUCATION PROCUREMENT SERVICES,EPS CATEGORY SPECIALIST,4,"€51,269"
EDUCATION PROCUREMENT SERVICES,EPS CATEGORY SPECIALIST,5,"€53,219"
EDUCATION PROCUREMENT SERVICES,EPS CATEGORY SPECIALIST,6,"€55,306"
EDUCATION PROCUREMENT SERVICES,EPS CATEGORY SPECIALIST,7,"€57,462"
EDUCATION PROCUREMENT SERVICES,EPS CATEGORY SPECIALIST,8,"€59,558"
