INFORMATION TECHNOLOGY,ANALYST PROGRAMMER 3,1,"€67,132"
INFORMATION TECHNOLOGY,ANALYST PROGRAMMER 3,2,"€79,088"
INFORMATION TECHNOLOGY,ANALYST PROGRAMMER 3,3,"€82,103"
INFORMATION TECHNOLOGY,ANALYST PROGRAMMER 3,4,"€86,389"
INFORMATION TECHNOLOGY,ANALYST PROGRAMMER 3,5,"€90,697"
INFORMATION TECHNOLOGY,ANALYST PROGRAMMER 3,6,"€95,004"
INFORMATION TECHNOLOGY,ANALYST PROGRAMMER 3,7,"€99,296"
INFORMATION TECHNOLOGY,ANALYST PROGRAMMER 3,8,"€103,583"
INFORMATION TECHNOLOGY,ANALYST PROGRAMMER 3,9,"€107,875"
INFORMATION TECHNOLOGY,ANALYST PROGRAMMER 2,1,"€53,677"
INFORMATION TECHNOLOGY,ANALYST PROGRAMMER 2,2,"€55,287"
INFORMATION TECHNOLOGY,ANALYST PROGRAMMER 2,3,"€56,903"
INFORMATION TECHNOLOGY,ANALYST PROGRAMMER 2,4,"€58,501"
INFORMATION TECHNOLOGY,ANALYST PROGRAMMER 2,5,"€60,116"
INFORMATION TECHNOLOGY,ANALYST PROGRAMMER 2,6,"€61,717"
INFORMATION TECHNOLOGY,ANALYST PROGRAMMER 2,7,"€64,375"
INFORMATION TECHNOLOGY,ANALYST PROGRAMMER 2,8,"€66,805"
INFORMATION TECHNOLOGY,ANALYST PROGRAMMER 2,9,"€69,293"
INFORMATION TECHNOLOGY,ANALYST PROGRAMMER 1,1,"€42,012"
INFORMATION TECHNOLOGY,ANALYST PROGRAMMER 1,2,"€44,629"
INFORMATION TECHNOLOGY,ANALYST PROGRAMMER 1,3,"€46,172"
INFORMATION TECHNOLOGY,ANALYST PROGRAMMER 1,4,"€47,611"
INFORMATION TECHNOLOGY,ANALYST PROGRAMMER 1,5,"€49,079"
INFORMATION TECHNOLOGY,ANALYST PROGRAMMER 1,6,"€50,543"
INFORMATION TECHNOLOGY,ANALYST PROGRAMMER 1,7,"€52,039"
INFORMATION TECHNOLOGY,ANALYST PROGRAMMER 1,8,"€53,562"
INFORMATION TECHNOLOGY,ANALYST PROGRAMMER 1,9,"€56,116"
INFORMATION TECHNOLOGY,ANALYST PROGRAMMER 1,10,"€58,164"
INFORMATION TECHNOLOGY,SENIOR COMPUTER OPERATOR,1,"€42,214"
INFORMATION TECHNOLOGY,SENIOR COMPUTER OPERATOR,2,"€43,823"
INFORMATION TECHNOLOGY,SENIOR COMPUTER OPERATOR,3,"€45,475"
INFORMATION TECHNOLOGY,SENIOR COMPUTER OPERATOR,4,"€46,768"
INFORMATION TECHNOLOGY,SENIOR COMPUTER OPERATOR,5,"€48,067"
INFORMATION TECHNOLOGY,SENIOR COMPUTER OPERATOR,6,"€49,369"
INFORMATION TECHNOLOGY,SENIOR COMPUTER OPERATOR,7,"€50,686"
INFORMATION TECHNOLOGY,SENIOR COMPUTER OPERATOR,8,"€51,968"
INFORMATION TECHNOLOGY,SENIOR COMPUTER OPERATOR,9,"€53,657"
INFORMATION TECHNOLOGY,SENIOR COMPUTER OPERATOR,10,"€55,570"
INFORMATION TECHNOLOGY,COMPUTER OPERATOR,1,"€33,403"
INFORMATION TECHNOLOGY,COMPUTER OPERATOR,2,"€35,114"
INFORMATION TECHNOLOGY,COMPUTER OPERATOR,3,"€36,604"
INFORMATION TECHNOLOGY,COMPUTER OPERATOR,4,"€37,881"
INFORMATION TECHNOLOGY,COMPUTER OPERATOR,5,"€39,133"
INFORMATION TECHNOLOGY,COMPUTER OPERATOR,6,"€40,054"
INFORMATION TECHNOLOGY,COMPUTER OPERATOR,7,"€41,318"
INFORMATION TECHNOLOGY,COMPUTER OPERATOR,8,"€42,586"
INFORMATION TECHNOLOGY,COMPUTER OPERATOR,9,"€43,868"
INFORMATION TECHNOLOGY,COMPUTER OPERATOR,10,"€45,138"
INFORMATION TECHNOLOGY,PRINT OPERATOR 2,1,"€31,238"
INFORMATION TECHNOLOGY,PRINT OPERATOR 2,2,"€32,320"
INFORMATION TECHNOLOGY,PRINT OPERATOR 2,3,"€33,844"
INFORMATION TECHNOLOGY,PRINT OPERATOR 2,4,"€35,403"
INFORMATION TECHNOLOGY,PRINT OPERATOR 2,5,"€36,946"
INFORMATION TECHNOLOGY,PRINT OPERATOR 2,6,"€38,331"
INFORMATION TECHNOLOGY,PRINT OPERATOR 2,7,"€39,365"
INFORMATION TECHNOLOGY,PRINT OPERATOR 2,8,"€40,749"
INFORMATION TECHNOLOGY,PRINT OPERATOR 2,9,"€42,093"
INFORMATION TECHNOLOGY,PRINT OPERATOR 2,10,"€43,223"
INFORMATION TECHNOLOGY,PRINT OPERATOR 2,11,"€44,373"
INFORMATION TECHNOLOGY,PRINT OPERATOR 1,1,"€29,021"
INFORMATION TECHNOLOGY,PRINT OPERATOR 1,2,"€30,996"
INFORMATION TECHNOLOGY,PRINT OPERATOR 1,3,"€31,738"
INFORMATION TECHNOLOGY,PRINT OPERATOR 1,4,"€32,768"
INFORMATION TECHNOLOGY,PRINT OPERATOR 1,5,"€34,232"
INFORMATION TECHNOLOGY,PRINT OPERATOR 1,6,"€35,719"
INFORMATION TECHNOLOGY,PRINT OPERATOR 1,7,"€37,208"
INFORMATION TECHNOLOGY,PRINT OPERATOR 1,8,"€38,553"
INFORMATION TECHNOLOGY,COMPUTER LAB ATTENDANT,1,"€33,403"
INFORMATION TECHNOLOGY,COMPUTER LAB ATTENDANT,2,"€34,543"
INFORMATION TECHNOLOGY,COMPUTER LAB ATTENDANT,3,"€36,605"
INFORMATION TECHNOLOGY,COMPUTER LAB ATTENDANT,4,"€36,967"
INFORMATION TECHNOLOGY,COMPUTER LAB ATTENDANT,5,"€36,987"
INFORMATION TECHNOLOGY,COMPUTER LAB ATTENDANT,6,"€37,353"
INFORMATION TECHNOLOGY,COMPUTER LAB ATTENDANT,7,"€37,714"
INFORMATION TECHNOLOGY,COMPUTER LAB ATTENDANT,8,"€38,072"
INFORMATION TECHNOLOGY,COMPUTER LAB ATTENDANT,9,"€38,428"
INFORMATION TECHNOLOGY,TEMPORARY COMPUTER ASSISTANT,1,"€33,403"
INFORMATION TECHNOLOGY,TEMPORARY COMPUTER ASSISTANT,2,"€34,543"
INFORMATION TECHNOLOGY,TEMPORARY COMPUTER ASSISTANT,3,"€36,605"
INFORMATION TECHNOLOGY,TEMPORARY COMPUTER ASSISTANT,4,"€36,967"
INFORMATION TECHNOLOGY,TEMPORARY COMPUTER ASSISTANT,5,"€36,987"
INFORMATION TECHNOLOGY,TEMPORARY COMPUTER ASSISTANT,6,"€37,353"
INFORMATION TECHNOLOGY,TEMPORARY COMPUTER ASSISTANT,7,"€37,714"
INFORMATION TECHNOLOGY,TEMPORARY COMPUTER ASSISTANT,8,"€38,072"
INFORMATION TECHNOLOGY,TEMPORARY COMPUTER ASSISTANT,9,"€38,428"
